Gender,Height,Weight
Male,73.84701702,241.8935632
Male,68.78190405,162.3104725
Male,74.11010539,212.7408556
Male,71.7309784,220.0424703
Male,69.88179586,206.3498006
Male,67.25301569,152.2121558
Male,68.78508125,183.9278886
Male,68.34851551,167.9711105
Male,67.01894966,175.9294404
Male,63.45649398,156.3996764
Male,71.19538228,186.6049256
Male,71.64080512,213.7411695
Male,64.76632913,167.1274611
Male,69.2830701,189.4461814
Male,69.24373223,186.434168
Male,67.6456197,172.1869301
Male,72.41831663,196.0285063
Male,63.97432572,172.8834702
Male,69.6400599,185.9839576
Male,67.93600485,182.426648
Male,67.91505019,174.1159291
Male,69.43943987,197.7314216
Male,66.14913196,149.173566
Male,75.20597361,228.7617806
Male,67.89319634,162.0066518
Male,68.1440328,192.3439766
Male,69.08963143,184.4351744
Male,72.80084352,206.8281894
Male,67.42124228,175.2139224
Male,68.49641536,154.3426389
Male,68.61811055,187.5068432
Male,74.03380762,212.9102253
Male,71.52821604,195.0322432
Male,69.1801611,205.1836213
Male,69.57720237,204.1641255
Male,70.40092889,192.9035151
Male,69.07617117,197.4882426
Male,67.19352328,183.8109732
Male,65.80731565,163.8518249
Male,64.30418789,163.1080171
Male,67.97433623,172.1355974
Male,72.18942596,194.0454049
Male,65.27034552,168.6177462
Male,66.09017738,161.1934326
Male,67.51032152,164.6602773
Male,70.10478626,188.9223032
Male,68.25183644,187.0605522
Male,72.17270912,209.0708634
Male,69.17985762,192.0143354
Male,72.87036015,211.3424968
Male,64.78258298,165.6116262
Male,70.18354989,201.0719181
Male,68.49145025,173.4239603
Male,67.33083088,181.4076793
Male,66.99094408,169.7377074
Male,66.4995499,163.3095283
Male,68.35305665,189.7102099
Male,70.77445907,192.1248473
Male,71.21592367,198.1984641
Male,70.01336535,209.5264998
Male,71.40318222,198.7597927
Male,69.55200509,198.0795237
Male,73.81853456,195.2906122
Male,66.99688275,164.943303
Male,71.41846589,179.8639023
Male,65.27930021,155.2504207
Male,68.27419147,184.5193912
Male,72.76536995,220.6780415
Male,68.0993798,183.3126553
Male,68.89670607,196.4513123
Male,69.28950996,184.5956083
Male,70.52322452,207.5328385
Male,69.66372523,177.2009288
Male,67.59526881,163.1080022
Male,72.50812038,216.2182301
Male,71.2529856,204.6554938
Male,71.80918689,200.9205712
Male,72.24516548,220.9017699
Male,66.51262766,196.4498603
Male,66.029034,168.64081
Male,67.57715394,181.432713
Male,68.2465686,198.6586733
Male,73.826127,237.9167359
Male,69.80246436,173.0412559
Male,65.95957778,160.6839166
Male,71.07901758,188.6029191
Male,66.59619654,208.345694
Male,68.95153509,193.4351185
Male,68.24446179,174.1096938
Male,72.31682512,197.3685892
Male,71.81542045,201.6206667
Male,65.23704952,181.0119732
Male,70.64053009,182.122486
Male,64.7319256,177.5492634
Male,67.10355118,164.9745807
Male,65.11748489,165.7171122
Male,71.70123402,193.0941635
Male,66.83287821,180.683887
Male,66.47127526,172.7737229
Male,69.41152622,177.4706162
Male,70.05217747,200.8187373
Male,66.74360465,167.7397753
Male,66.27432912,154.3956248
Male,68.32844799,177.9847286
Male,70.0758882,183.938857
Male,68.73298815,179.2047821
Male,67.55605126,158.5679874
Male,66.25363253,166.5035316
Male,69.18220268,171.9836776
Male,67.60910494,174.3641824
Male,69.29273802,187.7453519
Male,68.19068401,201.4879624
Male,71.6070858,204.9270121
Male,69.19685751,178.6855465
Male,67.26196098,164.0144277
Male,73.6851934,223.2700044
Male,69.53721501,202.9583063
Male,68.31155984,189.3917856
Male,67.73896347,178.1705556
Male,71.7057626,223.2993352
Male,63.6322646,167.0287067
Male,68.72119846,180.468682
Male,66.94934165,164.4391456
Male,62.70698974,149.9696184
Male,72.25840892,192.9102666
Male,70.90865306,201.8839987
Male,67.6098436,179.868026
Male,70.80155896,196.4677247
Male,69.30476905,187.5516495
Male,66.24289834,171.6931597
Male,67.49219298,191.6996048
Male,65.80624829,165.8506478
Male,71.44370566,185.6627413
Male,68.46440582,178.2818007
Male,63.9879246,150.9790513
Male,71.00189769,209.9293234
Male,68.13972419,174.1578043
Male,68.39540025,179.8789771
Male,68.09621975,167.7471412
Male,68.14059036,183.0446604
Male,68.86009031,169.5568208
Male,66.14885254,173.4316727
Male,66.20603205,180.8895546
Male,67.43212021,183.5089329
Male,69.47110603,205.9779102
Male,70.51585969,183.7598452
Male,71.33837604,201.9544955
Male,71.00194477,216.1200947
Male,66.20234771,159.3903237
Male,72.54330705,210.3364247
Male,67.47935176,178.6183502
Male,65.35041056,146.7397976
Male,70.84406242,195.937015
Male,69.93847526,170.1758538
Male,64.73981548,169.6540541
Male,69.30840288,198.3786936
Male,68.83846286,179.9077169
Male,61.93732327,147.2636865
Male,68.59333554,176.9842511
Male,65.21857558,185.4677884
Male,64.33364811,177.4938023
Male,68.7489067,169.8274774
Male,72.4896554,198.5816982
Male,67.23393092,203.3503393
Male,67.26360484,193.2176727
Male,65.11850428,178.1349452
Male,66.26282004,162.7795834
Male,67.70167966,159.2865106
Male,65.53069597,172.114312
Male,69.86896981,201.8370426
Male,68.48187536,170.3523296
Male,72.21396335,205.3897607
Male,68.17953269,169.7877681
Male,71.98120654,200.4373105
Male,66.06513673,178.588954
Male,66.65616417,168.0140297
Male,67.5994242,177.7664258
Male,68.24594409,193.277624
Male,64.80862144,162.3795406
Male,67.49221827,183.3838244
Male,68.18073071,181.0560953
Male,69.5533849,210.871799
Male,66.40224967,165.5684991
Male,66.59215711,196.1484498
Male,71.93588658,202.0464252
Male,68.28704173,170.4136025
Male,69.9554512,201.9480853
Male,71.85112915,193.3869846
Male,65.75549864,179.8556896
Male,67.03185208,156.489935
Male,76.70983486,235.0354188
Male,72.57112137,230.560535
Male,69.7288049,203.895655
Male,72.799224,218.2163966
Male,72.53935407,222.6671779
Male,72.29474338,208.4748659
Male,67.25332482,180.77978
Male,75.94446038,231.9247485
Male,66.31623192,170.5938581
Male,71.15605349,188.2714563
Male,71.19220229,196.0615292
Male,72.19751201,214.6035842
Male,75.14082143,224.1242713
Male,64.41152936,158.5793973
Male,64.73442436,166.5011147
Male,63.41458714,160.1406156
Male,67.84866523,176.1726343
Male,65.93178483,174.4852947
Male,70.96655044,193.9064988
Male,67.58074728,186.9916067
Male,68.58927044,173.5957961
Male,70.32475344,193.3465603
Male,72.39448041,208.436509
Male,70.82085671,206.0329778
Male,65.90330126,172.575231
Male,74.79537502,232.6354028
Male,67.68091903,177.2401455
Male,67.15596277,175.6466902
Male,71.77484122,212.6261023
Male,64.66523194,166.969204
Male,68.12276836,196.4144153
Male,66.78692724,165.4312422
Male,66.80584984,176.5658186
Male,67.8860138,174.6520347
Male,69.17357692,195.2375293
Male,70.22492333,205.6844384
Male,64.85579918,158.3414424
Male,67.82109327,169.0810083
Male,63.44024747,135.6558759
Male,71.84843485,218.1574695
Male,66.72807365,155.8995413
Male,71.96830565,201.5281774
Male,76.02134748,235.9260606
Male,71.47610128,195.3926176
Male,67.36980864,176.6361636
Male,70.55524376,198.4602486
Male,69.86710128,185.71691
Male,67.94757004,177.3477798
Male,74.10455886,215.7597035
Male,69.1678363,187.0224203
Male,66.55722857,171.5878843
Male,66.70160499,172.8398091
Male,67.24606495,168.2802869
Male,69.05138548,163.8204889
Male,70.67274718,190.0234342
Male,65.49899512,156.8699517
Male,65.18722085,172.6064826
Male,67.56814301,169.063983
Male,73.81538569,231.3745081
Male,71.60656421,207.2504768
Male,67.72474924,172.1527722
Male,68.23113195,199.827758
Male,65.92942171,168.0904122
Male,71.54849571,197.8196148
Male,69.16438112,196.892315
Male,68.59765932,180.2217801
Male,71.05751089,189.1340124
Male,63.64405958,158.4227173
Male,71.1824554,208.9226827
Male,66.12867317,187.1411195
Male,65.05737312,157.5824315
Male,68.09137436,181.644445
Male,70.9931439,204.7466782
Male,74.22117488,231.1301898
Male,69.32711818,186.2584296
Male,64.93134219,181.0938696
Male,68.34684231,198.9209797
Male,70.92912508,203.3704632
Male,61.4778092,161.0287521
Male,68.49081272,189.8066818
Male,72.04988987,200.2028285
Male,72.52166703,221.8626503
Male,71.23391139,214.0601482
Male,72.25911519,201.7014216
Male,67.5650399,187.1870936
Male,72.26760699,196.5274669
Male,62.600248,151.7207037
Male,66.23643729,167.2975303
Male,69.65043741,198.843696
Male,69.28592141,178.789548
Male,70.72527874,193.5392521
Male,68.82861496,197.737905
Male,66.01442823,184.4618115
Male,66.41488206,155.1947717
Male,66.61562439,160.9919899
Male,68.03482178,189.0844617
Male,70.50239804,172.9857771
Male,69.15772949,195.8952569
Male,70.79502261,215.7464553
Male,65.19437712,166.7073731
Male,74.78571432,239.4643429
Male,71.06690628,184.2792458
Male,69.33419779,199.9838909
Male,69.89920395,191.4122311
Male,64.42519379,169.1094014
Male,67.8521307,194.7445225
Male,67.54906949,183.2665331
Male,74.76744684,210.3699087
Male,71.41894599,198.0424839
Male,67.12034439,172.6640904
Male,69.85958791,197.0708562
Male,68.43081339,190.50581
Male,67.93348261,184.5554831
Male,68.49534316,179.9298166
Male,65.24414341,159.5032198
Male,70.18535205,197.8845071
Male,71.10413316,217.2696052
Male,68.44757854,187.907426
Male,65.42057682,176.8616842
Male,67.70078811,185.1482021
Male,74.22306306,223.3080403
Male,71.16724587,206.9429818
Male,67.23077189,171.0169406
Male,67.88055919,175.222848
Male,67.37637547,173.3103956
Male,68.76124693,181.1259735
Male,71.7052725,202.6090083
Male,69.38099479,199.85092
Male,73.71652763,223.5147223
Male,69.45337621,219.2617067
Male,70.78628981,211.2160809
Male,71.76846374,200.798983
Male,69.34345396,208.8097753
Male,65.28602551,161.4200817
Male,70.92184441,207.8359446
Male,68.59666269,180.8312378
Male,68.60379643,176.8154762
Male,69.47874412,194.6037685
Male,65.93089621,163.0084317
Male,68.5233453,173.2706572
Male,73.92912413,215.6200354
Male,71.19793782,210.134529
Male,66.55658687,185.0423241
Male,71.74227623,187.9653554
Male,69.74482933,188.1811248
Male,66.75065413,179.5420171
Male,69.69242226,211.718429
Male,70.40351683,197.6921421
Male,69.01973611,186.287992
Male,64.73228716,166.1060724
Male,70.99807444,188.81177
Male,64.45981425,161.3787732
Male,69.74952258,193.4762588
Male,71.52684881,189.2822461
Male,68.32791586,207.7849246
Male,70.76472016,199.3230943
Male,71.41904963,209.8582566
Male,69.39047409,180.1754728
Male,72.00173222,196.2144145
Male,69.19147497,189.4388404
Male,66.16636328,165.5146074
Male,67.272143,182.3943347
Male,70.9158354,189.5576375
Male,69.11988779,189.6259141
Male,67.40902587,170.1913254
Male,72.93864904,216.0974547
Male,70.4909287,177.0677744
Male,69.00825946,196.0511888
Male,66.76210992,167.7004962
Male,69.12066373,179.6078701
Male,73.12626719,220.6614051
Male,67.4868239,164.2952413
Male,64.95507833,156.5447863
Male,67.78248907,183.681029
Male,67.6623988,170.3054935
Male,66.47639701,168.6272639
Male,72.9870702,209.6379745
Male,69.56323228,195.346027
Male,71.00356014,194.3226014
Male,69.91563736,219.3679167
Male,71.69714179,205.1617483
Male,67.64994086,178.8826337
Male,68.29555456,181.7249315
Male,68.68725567,203.5603338
Male,68.91577165,165.1558987
Male,68.96087967,197.9314296
Male,67.2472352,173.284033
Male,68.91586364,183.9477889
Male,65.8385445,139.5340469
Male,64.67107555,160.1885313
Male,66.29589772,163.6040022
Male,67.09758575,193.9551074
Male,66.99828973,189.8933425
Male,70.9619709,184.223932
Male,68.4208722,190.7955422
Male,67.65252759,188.2006794
Male,75.62019316,226.2077799
Male,70.54924202,197.8793731
Male,68.89083891,190.5134869
Male,68.28453192,176.2465834
Male,64.99507826,177.7270945
Male,65.57577154,173.6915922
Male,69.30608824,210.4636875
Male,65.70471542,170.1005633
Male,67.80399101,173.4598918
Male,69.21614731,184.9366903
Male,68.01500601,194.2869459
Male,61.92694894,149.1496848
Male,67.26636272,192.4707696
Male,67.67682185,179.750808
Male,69.97090362,202.863293
Male,65.31346154,163.3573315
Male,71.90600544,217.0277146
Male,66.23390404,183.1612325
Male,65.81494282,166.5836105
Male,72.84494786,205.2508892
Male,70.94944345,189.7030888
Male,71.34380763,218.5863364
Male,71.05566416,203.139433
Male,61.92554729,139.9050703
Male,68.76245756,196.2938059
Male,67.58394143,179.9370112
Male,67.36169467,164.1459224
Male,65.87915656,168.1748644
Male,68.69476215,189.7425419
Male,69.53486155,195.1703915
Male,66.63469083,190.4679588
Male,69.80990157,204.4265983
Male,68.67987369,196.1516228
Male,71.61517875,209.6707739
Male,69.68979533,190.9334005
Male,70.90108637,197.9448324
Male,68.00581399,186.7803378
Male,70.61574398,188.6638321
Male,71.57119416,176.3766428
Male,73.01286326,209.3294834
Male,60.74811787,136.1678657
Male,69.08211963,190.9351825
Male,69.33873763,191.4456543
Male,67.75713771,184.9382299
Male,76.02708186,232.313471
Male,72.22761616,201.778854
Male,68.92104135,188.3288071
Male,65.33492768,174.6556973
Male,65.93240345,183.9433388
Male,70.46668931,187.517442
Male,73.18104362,213.8474529
Male,68.55087969,175.2195188
Male,68.52940825,169.5448054
Male,63.59645542,144.5919224
Male,67.14424123,175.6791902
Male,70.81637062,197.1984016
Male,73.53028481,222.9259167
Male,66.14106892,165.4045453
Male,67.90684975,170.4172312
Male,71.43337582,216.6339997
Male,67.1126798,173.7075042
Male,73.28391797,217.8960397
Male,63.67258315,161.0131458
Male,69.2253203,193.7563258
Male,69.67012402,177.1191607
Male,70.48544817,204.8274497
Male,69.00467787,176.7318925
Male,68.45789401,192.7618857
Male,66.02473378,166.9610205
Male,69.31816913,186.7379955
Male,69.07774056,188.5061787
Male,73.56227037,208.3614918
Male,66.08768889,161.4958143
Male,73.52598433,214.9664592
Male,69.67906022,205.1334355
Male,66.67678112,183.1973068
Male,72.96166547,208.8950443
Male,68.24687214,207.9255765
Male,71.95662589,210.6638278
Male,71.05863335,204.2728377
Male,66.97694995,195.1987301
Male,68.47800208,190.6860225
Male,71.28444139,199.6353266
Male,64.98045629,166.8215473
Male,66.76188387,178.797509
Male,68.76616172,185.7721575
Male,68.99254357,193.7549909
Male,71.2951946,228.8005161
Male,69.0494784,192.3497017
Male,66.54148202,175.9834911
Male,68.51552345,176.1412392
Male,67.45971531,177.4825249
Male,71.35738241,201.7607769
Male,68.59040604,176.8430799
Male,69.73608671,185.5242604
Male,69.83385707,188.041029
Male,72.41058576,189.3844383
Male,65.43459687,166.096744
Male,66.26765677,170.2501787
Male,69.97430087,212.804259
Male,71.20919422,196.1455062
Male,69.93740019,202.2790697
Male,71.38602219,201.3320069
Male,64.58878167,158.4540944
Male,68.79298442,174.4894863
Male,68.44574673,183.7833827
Male,69.20157812,188.1035061
Male,69.42601731,176.1934298
Male,69.6062252,194.2007119
Male,72.88170697,194.1995089
Male,62.17833122,145.8988424
Male,68.87470662,191.8337092
Male,71.08008356,209.8535536
Male,72.18253412,201.2614644
Male,72.06275498,208.7818534
Male,67.38005789,182.6734054
Male,67.93463453,166.4350688
Male,70.80193026,193.3935426
Male,65.54912127,178.4481797
Male,70.19122448,205.9417907
Male,71.77899537,199.2098424
Male,68.13028842,192.0295666
Male,68.35948256,175.2608644
Male,66.09035701,170.0064451
Male,71.58012314,205.3475962
Male,73.53666772,196.0432951
Male,71.11553184,208.1452566
Male,70.79430255,202.8907578
Male,71.72906048,188.595024
Male,63.19653037,162.4297274
Male,68.10111341,182.8523991
Male,65.85609973,157.3174614
Male,68.3464565,178.6759921
Male,69.56022893,187.2174859
Male,68.72830407,171.6209666
Male,70.15827765,200.5341783
Male,68.92333665,193.9273604
Male,64.3001742,155.489729
Male,70.45563306,192.527905
Male,68.62406319,159.8624674
Male,69.66475174,176.2592744
Male,69.05888454,171.7089263
Male,67.22698623,181.7096189
Male,66.11579969,171.3866592
Male,68.61738735,179.1320246
Male,69.24901281,187.4693714
Male,69.64190618,182.0045223
Male,72.79702836,214.4740355
Male,75.04399507,208.526427
Male,70.97268413,190.2219929
Male,74.38801243,217.1437905
Male,64.36216387,156.0738985
Male,71.32700107,206.3851911
Male,67.17202444,178.1527814
Male,74.40167189,228.8383958
Male,63.86792096,174.4733629
Male,68.88599177,164.2149026
Male,72.13199022,212.1572757
Male,68.40372617,206.0149398
Male,65.09265639,167.433533
Male,69.22967912,195.2186397
Male,71.94778826,209.1754891
Male,67.46299066,182.3012856
Male,69.31290864,190.1851469
Male,63.73104817,160.3449039
Male,60.6798174,129.3010238
Male,70.66332308,195.6263191
Male,67.59403113,186.7514169
Male,74.64950788,227.5006451
Male,70.46707885,197.187532
Male,71.94401052,209.5562827
Male,74.02575081,209.7592721
Male,70.78222816,220.4367864
Male,64.72725696,169.207937
Male,68.38302408,185.8456168
Male,71.4692208,192.6914931
Male,66.94445374,177.0260878
Male,70.796979,199.9473831
Male,65.29243478,168.7102903
Male,61.75400983,123.528143
Male,62.48067131,160.2422382
Male,67.80567987,197.082611
Male,69.52599428,161.9709376
Male,72.50075663,201.6550559
Male,70.48529474,194.7861983
Male,66.68973599,162.5654067
Male,71.29191758,175.8109677
Male,71.7967672,209.3793102
Male,73.05634425,204.4603316
Male,68.85335437,210.8690842
Male,66.04544386,169.3262842
Male,73.98590142,223.326105
Male,69.25161788,192.9468911
Male,69.34065722,172.9048014
Male,70.97626497,191.5721536
Male,63.56127763,157.1195445
Male,69.77015095,182.7954943
Male,65.18847756,151.8869422
Male,69.97894082,193.3410828
Male,69.75059715,185.4279701
Male,71.17143115,195.3823108
Male,70.57200178,174.1968873
Male,65.65108952,164.6498139
Male,67.13841414,163.8450013
Male,65.91808694,174.7199581
Male,73.78663644,212.900556
Male,67.73725134,172.7942606
Male,65.54407625,171.9803313
Male,71.21391257,195.9234165
Male,65.59235403,174.8153485
Male,65.66755448,174.5668558
Male,61.97273588,140.2777497
Male,73.89993869,215.5597033
Male,72.34218364,215.8582339
Male,70.31169434,184.2438603
Male,67.11556435,168.2021671
Male,65.93248176,151.3846182
Male,67.22774502,185.9701609
Male,70.11434363,203.2417318
Male,74.84149972,223.9456703
Male,64.52730263,148.4721859
Male,70.05125469,207.1946473
Male,71.83316878,205.1930618
Male,72.83673969,209.4224843
Male,73.30186575,199.1669287
Male,66.39319245,165.0646095
Male,66.51516196,180.7605348
Male,69.27281261,202.2987602
Male,68.23195393,195.2619903
Male,70.41386903,184.2326617
Male,69.72688521,188.4537597
Male,65.51073389,157.2050253
Male,69.13726936,196.5523243
Male,73.6661888,208.3661793
Male,65.89275253,158.1849857
Male,68.35442896,184.598428
Male,70.42473053,197.9075211
Male,72.08020115,202.8672367
Male,71.71112479,199.080779
Male,65.72916187,156.2239585
Male,63.8983382,168.299538
Male,70.31600971,201.5106881
Male,65.78872979,174.5848799
Male,69.82746419,196.930792
Male,68.33115009,197.7567703
Male,67.74158927,165.6432833
Male,75.03388944,232.8861171
Male,73.40405852,192.7324047
Male,69.55476188,192.1816687
Male,64.53903978,157.1292772
Male,67.54676147,163.4952026
Male,73.09647798,205.157578
Male,66.55398107,171.4285919
Male,73.99160419,208.9645836
Male,70.86268806,209.759114
Male,71.5687337,206.2604578
Male,65.83839113,177.2116966
Male,70.27553366,211.7162538
Male,61.773522,149.5148392
Male,74.82494531,220.3363669
Male,71.60514585,192.4279136
Male,67.26010358,163.3865127
Male,70.92419443,199.7783726
Male,75.05966865,218.583688
Male,73.10087624,223.2064516
Male,70.66199203,217.9518826
Male,67.14466735,171.2077789
Male,67.12315343,147.5379562
Male,69.52494396,170.0371863
Male,65.22469166,160.8360745
Male,68.41046282,185.1277355
Male,68.7634637,177.0833882
Male,67.93686881,188.8840968
Male,69.23782869,159.2448862
Male,68.46572392,188.079276
Male,65.6942936,150.9606196
Male,69.43099805,172.3258812
Male,66.13539142,166.3638187
Male,70.87704813,186.3398244
Male,65.973065,187.6583791
Male,64.93911542,163.8801985
Male,68.36860332,196.9495064
Male,69.52555131,189.7073988
Male,66.45560214,188.9748473
Male,69.47458176,177.3439177
Male,68.7300987,184.130432
Male,73.78127448,221.2400958
Male,76.50188334,217.8823464
Male,71.22570192,199.182763
Male,64.50621045,164.5003666
Male,66.50381494,163.2698893
Male,69.21041304,187.6248203
Male,63.54636972,150.3466585
Male,69.73112843,202.7071024
Male,68.60820846,181.7248365
Male,71.46413025,206.5908567
Male,69.509488,203.9854155
Male,73.75963574,231.6086709
Male,68.27778676,195.1899302
Male,72.45463342,200.2900045
Male,70.76919327,195.3530575
Male,70.45214074,188.0988373
Male,68.90409885,194.6597698
Male,69.23842719,197.4120914
Male,67.27784728,156.4163422
Male,71.46376469,207.768535
Male,68.84063351,171.9211499
Male,71.40596471,216.9232912
Male,70.14487407,190.5853768
Male,70.67969103,206.1198392
Male,68.54111605,201.1088923
Male,71.43472691,206.5940588
Male,65.22082048,158.9871861
Male,70.77315142,208.2235661
Male,69.76009479,187.8120619
Male,63.96253068,168.3494568
Male,70.30416327,196.8350517
Male,70.31684922,205.5218858
Male,67.40540788,164.5743913
Male,67.12150305,167.1915272
Male,68.37757989,168.9973239
Male,69.57823897,184.2198182
Male,62.53225328,168.1533262
Male,69.33682153,184.1194153
Male,66.78746728,172.1754663
Male,75.39129223,218.6046973
Male,70.21362908,189.6582738
Male,71.10356362,196.7599362
Male,69.79388789,181.7231932
Male,66.47184446,175.3891518
Male,70.71371409,208.7104386
Male,63.61871729,162.6749752
Male,70.54927972,191.3188108
Male,67.40282109,192.6726758
Male,71.4351749,213.3377733
Male,68.59340514,187.4025309
Male,71.45232654,203.448273
Male,70.69878995,189.9854788
Male,71.39146448,197.3070586
Male,70.48564317,193.359947
Male,74.40818786,226.7010229
Male,63.40042323,185.188138
Male,68.39971912,171.3291085
Male,67.42985418,175.1243663
Male,70.81199997,196.2211135
Male,67.11027101,194.7523537
Male,67.7282199,184.4684504
Male,68.55083219,179.5567899
Male,68.61948497,192.6056386
Male,70.60576101,197.3412472
Male,67.08678122,164.1757008
Male,65.31170819,167.3277028
Male,69.92414675,185.8665843
Male,68.36463488,193.9817476
Male,70.86980492,205.8639345
Male,76.01230001,235.4379661
Male,67.96596781,176.9667279
Male,69.76508744,199.0264276
Male,69.56867239,200.7040517
Male,71.56001874,213.9785966
Male,70.95804927,201.6633373
Male,65.44092231,144.1320269
Male,70.97612452,202.603188
Male,67.99285124,183.9580892
Male,70.51851509,199.568441
Male,69.10919144,176.045407
Male,71.6055731,194.9325685
Male,69.88955858,203.5183265
Male,66.45689878,166.6846488
Male,70.29135418,207.5085426
Male,62.6199652,152.8529747
Male,66.62168183,146.2308047
Male,65.35028818,156.7613371
Male,71.60673989,209.9649432
Male,69.41291443,183.9021104
Male,69.89381359,200.7968545
Male,65.66595856,164.2156392
Male,64.40827325,154.6410416
Male,68.62688583,189.4492405
Male,69.60028264,176.5948886
Male,67.45323124,173.2722178
Male,68.1699946,185.2531099
Male,69.55361404,203.8110909
Male,65.74729799,182.0516903
Male,73.12239315,201.703778
Male,66.620926,177.8426553
Male,69.14590899,202.6281961
Male,65.96579505,186.2254307
Male,67.20326642,185.4540072
Male,65.45395717,175.844485
Male,73.03009203,209.5878005
Male,68.3172449,179.370856
Male,66.33428146,165.3682765
Male,72.36198348,198.2629703
Male,67.71742749,184.9318042
Male,70.4775913,200.2479962
Male,71.16299165,199.443989
Male,69.35477956,202.3322157
Male,70.09723765,201.993728
Male,69.2972917,197.3587607
Male,63.30996928,157.0035437
Male,67.88722989,183.3433272
Male,73.2029699,203.0231161
Male,73.1411551,193.9260342
Male,70.89598255,195.6013653
Male,72.14269267,214.8539253
Male,72.13277787,184.1471888
Male,71.20661874,193.74326
Male,66.25215051,170.1094996
Male,72.34158877,205.6996211
Male,68.06892211,166.2635001
Male,71.39730891,198.4067338
Male,65.72603205,169.6752603
Male,67.11044742,160.0502853
Male,72.21503491,204.9377601
Male,63.00978308,147.90182
Male,69.56915521,180.9498234
Male,70.40400168,217.8372448
Male,68.0302156,189.3616398
Male,69.77791032,176.0902893
Male,62.07863519,130.2772749
Male,65.83441968,159.3191151
Male,70.78093604,191.9681779
Male,69.57143021,182.1541392
Male,67.32706481,188.3517257
Male,67.81460188,191.7600018
Male,66.68224277,162.7669683
Male,69.63970875,197.5962131
Male,64.7742374,182.5898441
Male,73.96294107,200.0071609
Male,67.93338384,184.40952
Male,66.77003947,165.489768
Male,68.93635758,176.6521792
Male,76.43455871,228.8729906
Male,68.99614537,180.3509244
Male,73.50183962,225.9722183
Male,69.6031034,189.8166449
Male,72.06737999,202.2620741
Male,70.48922454,178.9187142
Male,67.03485056,167.0442331
Male,66.1841085,172.6376115
Male,68.6942095,179.9625088
Male,66.65323374,160.1474361
Male,69.83865708,178.3924826
Male,66.24506481,154.5886896
Male,72.81103161,208.8488465
Male,64.47474696,169.4306343
Male,69.75447933,181.6410489
Male,70.66144439,203.8447916
Male,72.47061849,184.4463253
Male,68.17153285,199.7018115
Male,72.98717143,206.6293992
Male,70.53356477,196.5843459
Male,70.04695307,190.0024052
Male,69.01606716,196.7639075
Male,73.54916227,222.2974921
Male,68.11809783,180.0656094
Male,68.28763703,178.4325977
Male,71.52704769,202.7487397
Male,73.39654293,220.9457607
Male,69.84456408,198.6302782
Male,70.15196588,203.7344808
Male,66.29972587,150.1493613
Male,76.49293396,227.139296
Male,71.0323852,186.7624875
Male,66.63104094,170.4211493
Male,66.07553682,182.4280025
Male,70.61316241,187.4720235
Male,65.20348068,158.6645552
Male,66.86186129,175.7972754
Male,73.7579983,220.770232
Male,69.89808607,195.7589355
Male,69.52731972,189.0273679
Male,66.74447747,154.1268504
Male,69.07449203,179.3868167
Male,68.56175073,172.1953637
Male,70.32255001,190.4617768
Male,71.94912042,208.0889465
Male,70.91655179,191.883267
Male,70.37112335,197.3824157
Male,67.79647715,189.6831513
Male,68.69999563,208.0681993
Male,69.1146318,188.7172726
Male,67.69710365,187.4238964
Male,71.28033023,217.9035994
Male,71.42757519,201.8428087
Male,71.04335632,204.6277277
Male,64.72625594,143.3475655
Male,67.14815944,182.031248
Male,72.29169703,202.1043716
Male,70.24286617,192.7961126
Male,64.45785785,158.9166993
Male,74.46498854,213.4821026
Male,65.29891515,162.8182755
Male,72.74952611,212.1807188
Male,65.71817875,155.1755428
Male,68.89009494,194.6814346
Male,73.03840861,209.4753881
Male,69.86074638,198.3218281
Male,69.86119695,179.6624965
Male,71.76556166,192.6903832
Male,66.82084589,179.8015682
Male,67.78769383,190.5067956
Male,69.25071385,196.1411445
Male,68.92967211,180.8264574
Male,68.99710986,186.635313
Male,66.37399493,167.784391
Male,66.37651933,179.4688864
Male,69.05456976,181.3603512
Male,65.6674754,161.4222109
Male,62.75287752,149.759706
Male,66.57798671,161.2018906
Male,67.27217066,187.3633658
Male,69.83655165,176.0116733
Male,74.21643094,238.5694509
Male,71.23052856,209.0328768
Male,70.76286513,194.7965673
Male,67.87895388,163.7244326
Male,67.11452669,182.5124511
Male,66.53981222,175.0932547
Male,67.09121866,180.8807246
Male,68.89341765,172.6542379
Male,71.88269674,207.5756136
Male,70.53187611,194.009473
Male,69.2081082,187.8671025
Male,66.85473775,161.2239648
Male,77.16080089,228.7073009
Male,68.19853732,176.4568284
Male,66.79579309,186.9938986
Male,74.07020621,218.4235845
Male,69.69174305,184.6189529
Male,70.48275741,199.359224
Male,66.20296361,164.6344637
Male,71.85788791,193.4299898
Male,65.97520718,171.0768314
Male,72.67696109,217.5614154
Male,69.81202171,188.0649839
Male,69.04314598,178.1848175
Male,63.85067839,151.9966615
Male,64.90978524,145.1761359
Male,65.04544401,147.6602601
Male,68.87439619,183.4385392
Male,69.9822195,178.3484391
Male,62.70930371,152.8204681
Male,66.92343676,173.6342571
Male,67.26904397,180.0356727
Male,72.12252553,200.3368056
Male,69.61140326,170.2961967
Male,65.18470087,166.7385547
Male,74.08027495,194.7788543
Male,61.12182863,152.7911301
Male,68.32145287,206.4261469
Male,63.9529284,164.7714754
Male,68.58137352,181.167061
Male,64.92590896,185.0018542
Male,69.65975352,209.5204246
Male,71.12075332,197.345436
Male,62.80419071,148.6050424
Male,70.81126171,201.2242771
Male,69.54951057,199.1938148
Male,67.0323462,188.4596891
Male,67.39683425,178.3001966
Male,69.37184333,173.4301696
Male,74.54513694,218.4375679
Male,66.55652499,173.3868302
Male,67.25995282,186.3207972
Male,66.00196773,165.1677228
Male,67.28350742,203.1357596
Male,67.92463364,161.6708278
Male,66.05763381,164.4705039
Male,65.84458046,170.7923569
Male,69.03106285,170.3101222
Male,70.32711641,192.4971609
Male,66.53430651,166.371258
Male,71.4716749,196.54096
Male,70.04693077,183.6196208
Male,68.60571056,187.2913919
Male,68.98238073,178.2824095
Male,73.7888849,222.3975605
Male,69.07281082,190.587913
Male,73.18794911,204.103817
Male,68.67738441,192.1962461
Male,64.92233626,179.4090919
Male,66.11122914,192.765581
Male,67.74898985,169.7402721
Male,71.81390356,192.8164417
Male,69.19544122,185.7291961
Male,67.40717166,188.5940922
Male,69.87663341,179.6809303
Male,64.36667672,162.4950825
Male,67.49285386,183.3837802
Male,73.12243321,221.4459021
Male,67.65294548,188.8898645
Male,68.53790185,191.8229143
Male,70.72475802,214.2615182
Male,68.23015031,182.3828222
Male,67.69712341,163.9398786
Male,73.71674275,198.4622269
Male,68.85845722,187.3950858
Male,66.47376597,175.9473678
Male,69.97228132,188.6259112
Male,67.55618322,200.779691
Male,74.27201865,209.9374928
Male,72.09385998,201.8626584
Male,69.56977967,182.7948442
Male,71.61408945,206.1634325
Male,67.13854961,171.8769664
Male,68.41565126,171.3212163
Male,78.09586747,255.6908348
Male,68.6426276,178.8167946
Male,70.02684189,186.3587022
Male,74.32567701,220.8457275
Male,72.23163624,202.1371601
